{"cameraMode":{"drawMode":0,"name":"Shaded","section":"Shading Mode"},"sceneLighting":true,"audioPlay":false,"sceneViewState":{"showFog":true,"showMaterialUpdate":false,"showSkybox":true,"showFlares":true,"showImageEffects":true,"showParticleSystems":true},"in2DMode":false,"pivot":{"x":2.8929624557495119,"y":-2.231119155883789,"z":-7.440572738647461},"rotation":{"x":0.18809519708156587,"y":-0.8040545582771301,"z":0.3313548266887665,"w":0.4564250111579895},"size":16.477067947387697,"orthographic":false}